{
 "name": "bumps",
 "dt": 0.001,
 "Fmax": 0.1,
 "circles": [
  {
   "x": 0.33218833804130554,
   "y": 0.15921106934547424,
   "r": 0.23818166553974152
  },
  {
   "x": 0.9211785793304443,
   "y": 0.21001200377941132,
   "r": 0.24298787117004395
  },
  {
   "x": 0.6558014154434204,
   "y": 0.7025460004806519,
   "r": 0.21127113699913025
  },
  {
   "x": 0.05513463541865349,
   "y": 0.7919896245002747,
   "r": 0.20693418383598328
  }
 ]
}